{
  "results": [
    {
      "command": "zsh -ic exit",
      "mean": 5.4773442576999996,
      "stddev": 1.779232868122328,
      "median": 5.0350004256,
      "user": 3.0716943399999996,
      "system": 2.0035312199999997,
      "min": 4.0507423576,
      "max": 10.2900030816,
      "times": [
        6.0055097456,
        4.9052360176,
        4.9272772276,
        4.0507423576,
        4.8332466496,
        5.1906140606,
        10.2900030816,
        5.1427236236,
        5.2667696996,
        4.1613201136
      ],
      "exit_codes": [
        0,
        0,
        0,
        0,
        0,
        0,
        0,
        0,
        0,
        0
      ]
    }
  ]
}
