{
  "results": [
    {
      "command": "zsh -ic exit",
      "mean": 4.620179207580001,
      "stddev": 2.149163616477999,
      "median": 3.95761466148,
      "user": 0.8998843199999997,
      "system": 0.42371331999999995,
      "min": 3.23974234148,
      "max": 10.55745866348,
      "times": [
        3.67776679648,
        10.55745866348,
        4.03205535648,
        3.68868581648,
        3.88317396648,
        3.4345359094799996,
        4.083215564480001,
        4.74037647648,
        4.86478118448,
        3.23974234148
      ],
      "exit_codes": [
        0,
        0,
        0,
        0,
        0,
        0,
        0,
        0,
        0,
        0
      ]
    }
  ]
}
