{
  "results": [
    {
      "command": "zsh -ic exit",
      "mean": 4.2834243477000005,
      "stddev": 0.9408881262557491,
      "median": 3.9288047865999998,
      "user": 0.9916584599999998,
      "system": 0.66125398,
      "min": 3.1540109376,
      "max": 6.4945919936,
      "times": [
        4.4918000936,
        3.6863216856,
        3.9709634066,
        4.8630041916,
        6.4945919936,
        3.8666380605999997,
        4.7701395736,
        3.6501273676,
        3.1540109376,
        3.8866461666
      ],
      "exit_codes": [
        0,
        0,
        0,
        0,
        0,
        0,
        0,
        0,
        0,
        0
      ]
    }
  ]
}
