{
  "results": [
    {
      "command": "zsh -ic exit",
      "mean": 2.5684556467399995,
      "stddev": 0.44492750696635935,
      "median": 2.46677810924,
      "user": 1.0365026399999997,
      "system": 0.58409692,
      "min": 1.83296570574,
      "max": 3.5190677297399997,
      "times": [
        2.80548020574,
        2.3216454077399997,
        2.4420970937399997,
        1.83296570574,
        2.71002770374,
        3.5190677297399997,
        2.49145912474,
        2.85466881874,
        2.3103611757399998,
        2.39678350174
      ],
      "exit_codes": [
        0,
        0,
        0,
        0,
        0,
        0,
        0,
        0,
        0,
        0
      ]
    }
  ]
}
