{
  "results": [
    {
      "command": "zsh -ic exit",
      "mean": 30.164754052440003,
      "stddev": 2.90019473453197,
      "median": 29.70727554444,
      "user": 1.02115378,
      "system": 0.68678102,
      "min": 26.531570010440003,
      "max": 34.87645047044,
      "times": [
        34.87645047044,
        29.51072002044,
        31.02368869144,
        31.440075072440003,
        34.60798800144,
        26.531570010440003,
        29.903831068440002,
        28.44157312644,
        26.62169386544,
        28.68995019744
      ],
      "exit_codes": [
        0,
        0,
        0,
        0,
        0,
        0,
        0,
        0,
        0,
        0
      ]
    }
  ]
}
