{
  "results": [
    {
      "command": "zsh -ic exit",
      "mean": 4.293744205219999,
      "stddev": 0.33516404939311156,
      "median": 4.2746631300199995,
      "user": 0.8488958799999999,
      "system": 0.46647266,
      "min": 3.97738826952,
      "max": 5.14797193952,
      "times": [
        4.021441686519999,
        4.39329559752,
        4.36434668252,
        4.27984874252,
        4.15631233052,
        3.97738826952,
        5.14797193952,
        4.024608704519999,
        4.30275058152,
        4.2694775175199995
      ],
      "exit_codes": [
        0,
        0,
        0,
        0,
        0,
        0,
        0,
        0,
        0,
        0
      ]
    }
  ]
}
