{
  "results": [
    {
      "command": "zsh -ic exit",
      "mean": 2.6146180873000007,
      "stddev": 0.5555523572095632,
      "median": 2.4307674397000003,
      "user": 1.04195076,
      "system": 0.30930428,
      "min": 1.7562532837,
      "max": 3.3840018917,
      "times": [
        2.4579028237,
        2.1628178927,
        3.3840018917,
        2.3421751217,
        3.3039078107,
        1.7562532837,
        3.3527813387000003,
        2.3313736447,
        2.6513350097000004,
        2.4036320557
      ],
      "exit_codes": [
        0,
        0,
        0,
        0,
        0,
        0,
        0,
        0,
        0,
        0
      ]
    }
  ]
}
