{
  "results": [
    {
      "command": "zsh -ic exit",
      "mean": 3.0695201779200003,
      "stddev": 0.5586189457537789,
      "median": 3.0727243035200003,
      "user": 0.94415656,
      "system": 0.27847952,
      "min": 2.2266391585200003,
      "max": 3.97408999252,
      "times": [
        3.97408999252,
        3.14336107452,
        3.40378825152,
        2.52417990652,
        2.71869248352,
        3.00208753252,
        2.2266391585200003,
        3.79227760852,
        2.64763281352,
        3.26245295752
      ],
      "exit_codes": [
        0,
        0,
        0,
        0,
        0,
        0,
        0,
        0,
        0,
        0
      ]
    }
  ]
}
