{
  "results": [
    {
      "command": "zsh -ic exit",
      "mean": 2.9792557343199997,
      "stddev": 0.29291030013777236,
      "median": 3.03615440022,
      "user": 1.11560106,
      "system": 0.7144531999999999,
      "min": 2.50969915072,
      "max": 3.54823140072,
      "times": [
        2.50969915072,
        3.03726986472,
        3.04695021172,
        3.0157181997199998,
        3.03675473672,
        2.99960844172,
        3.03555406372,
        2.52304614372,
        3.03972512972,
        3.54823140072
      ],
      "exit_codes": [
        0,
        0,
        0,
        0,
        0,
        0,
        0,
        0,
        0,
        0
      ]
    }
  ]
}
