{
  "results": [
    {
      "command": "zsh -ic exit",
      "mean": 38.257086294379995,
      "stddev": 1.4076034669919648,
      "median": 38.20912917308,
      "user": 6.2136565599999996,
      "system": 3.10745796,
      "min": 35.56848095958,
      "max": 40.08089206858,
      "times": [
        37.82334140358,
        38.88502596658,
        38.59491694258,
        40.08089206858,
        37.25464337258,
        40.05979271458,
        37.60195734558,
        35.56848095958,
        37.38156387758,
        39.32024829258
      ],
      "exit_codes": [
        0,
        0,
        0,
        0,
        0,
        0,
        0,
        0,
        0,
        0
      ]
    }
  ]
}
