{
  "results": [
    {
      "command": "zsh -ic exit",
      "mean": 28.437906353159995,
      "stddev": 1.9121582317839632,
      "median": 28.06671971246,
      "user": 1.0443250599999998,
      "system": 0.7065710199999999,
      "min": 26.33459881346,
      "max": 32.326240926459995,
      "times": [
        28.542811682460002,
        29.360132694460003,
        28.024008798460002,
        26.71886519046,
        27.43350699146,
        30.77045402846,
        26.33459881346,
        26.759013779460002,
        28.10943062646,
        32.326240926459995
      ],
      "exit_codes": [
        0,
        0,
        0,
        0,
        0,
        0,
        0,
        0,
        0,
        0
      ]
    }
  ]
}
