{
  "results": [
    {
      "command": "zsh -ic exit",
      "mean": 1.8884270534599996,
      "stddev": 0.1259354941914349,
      "median": 1.90112931516,
      "user": 0.09392123999999999,
      "system": 0.105746,
      "min": 1.66164260766,
      "max": 2.07063410766,
      "times": [
        1.92053998266,
        1.78448069166,
        1.84728844166,
        2.00881435766,
        1.8827248566600001,
        2.01475564866,
        1.66164260766,
        1.91953377366,
        2.07063410766,
        1.7738560666599998
      ],
      "exit_codes": [
        0,
        0,
        0,
        0,
        0,
        0,
        0,
        0,
        0,
        0
      ]
    }
  ]
}
