{
  "results": [
    {
      "command": "zsh -ic exit",
      "mean": 40.367400608340006,
      "stddev": 2.2373053060772174,
      "median": 39.54023698524,
      "user": 7.1569987799999994,
      "system": 3.2678005799999994,
      "min": 37.91699830174,
      "max": 43.730959497739995,
      "times": [
        43.730959497739995,
        42.97988318574,
        38.758191144739996,
        42.40218215174,
        38.30439980874,
        42.16909124374,
        38.42143813974,
        37.91699830174,
        40.32228282574,
        38.66857978374
      ],
      "exit_codes": [
        0,
        0,
        0,
        0,
        0,
        0,
        0,
        0,
        0,
        0
      ]
    }
  ]
}
