{
  "results": [
    {
      "command": "zsh -ic exit",
      "mean": 2.81492043544,
      "stddev": 0.576493212182127,
      "median": 2.64384280244,
      "user": 0.9674965,
      "system": 0.59161528,
      "min": 2.10911096344,
      "max": 3.97220682944,
      "times": [
        2.54816929844,
        2.88259803744,
        2.3962743084400002,
        2.96654447444,
        3.60667120544,
        2.4432714514400002,
        2.10911096344,
        3.97220682944,
        2.73951630644,
        2.48484147944
      ],
      "exit_codes": [
        0,
        0,
        0,
        0,
        0,
        0,
        0,
        0,
        0,
        0
      ]
    }
  ]
}
