{
  "results": [
    {
      "command": "zsh -ic exit",
      "mean": 0.012755406674166662,
      "stddev": 0.0031631916427331454,
      "median": 0.01240599232,
      "user": 0.0090081075,
      "system": 0.0033623976666666677,
      "min": 0.011615738320000001,
      "max": 0.05892088232,
      "times": [
        0.01210769932,
        0.01207761532,
        0.011730821320000001,
        0.011733280320000001,
        0.01172728032,
        0.01188865532,
        0.01176482232,
        0.01187244732,
        0.011951948320000001,
        0.011975364320000001,
        0.011963990320000001,
        0.01246149232,
        0.013488707320000001,
        0.01327570632,
        0.01253257632,
        0.012059490320000001,
        0.01179107132,
        0.01199144832,
        0.011945198320000001,
        0.01173432232,
        0.01174361332,
        0.011811072320000001,
        0.012125032320000001,
        0.011824238320000001,
        0.012504159320000001,
        0.01218103232,
        0.011615738320000001,
        0.011655405320000001,
        0.01205174032,
        0.01168073832,
        0.01261299332,
        0.020505122320000003,
        0.01261953532,
        0.013984918320000001,
        0.01227036632,
        0.01208565632,
        0.01187153032,
        0.01219582432,
        0.011739446320000001,
        0.01293062032,
        0.01264557632,
        0.01317012132,
        0.01423916932,
        0.01260161832,
        0.01206503232,
        0.012480951320000001,
        0.01276887032,
        0.01235815832,
        0.01228320032,
        0.01199469832,
        0.012035323320000001,
        0.01299274532,
        0.012850744320000001,
        0.012323992320000001,
        0.012084699320000001,
        0.01278882832,
        0.01299312032,
        0.013000413320000001,
        0.01362695732,
        0.01287974532,
        0.01261920132,
        0.012207116320000001,
        0.012412825320000001,
        0.01345333232,
        0.01336758132,
        0.012925870320000001,
        0.01244028432,
        0.01229695032,
        0.01269932732,
        0.01299024532,
        0.01234353432,
        0.01233270032,
        0.01240578432,
        0.01307178732,
        0.01254245132,
        0.01237186732,
        0.01277107832,
        0.01268549432,
        0.01198499032,
        0.01195578132,
        0.01249199332,
        0.01195736532,
        0.012590576320000001,
        0.01221715732,
        0.01210490732,
        0.01238657532,
        0.01256628532,
        0.012255075320000001,
        0.01199965632,
        0.01208894932,
        0.01266349332,
        0.01192578132,
        0.01202811432,
        0.01223178332,
        0.01192557332,
        0.01198173932,
        0.012293658320000001,
        0.01197461532,
        0.011855614320000001,
        0.01183465532,
        0.011830197320000001,
        0.01188028132,
        0.016987102320000003,
        0.013359581320000001,
        0.013547457320000001,
        0.01284541132,
        0.01280887032,
        0.01316595532,
        0.012577285320000001,
        0.012510576320000001,
        0.01238115832,
        0.01220240832,
        0.011938448320000001,
        0.01214594832,
        0.01212569932,
        0.01221053232,
        0.01238620032,
        0.012506743320000001,
        0.01196519832,
        0.01196819832,
        0.01235978432,
        0.01225144932,
        0.012478242320000001,
        0.012448534320000001,
        0.01239232532,
        0.01221261532,
        0.012967370320000001,
        0.01246553432,
        0.013637499320000001,
        0.012480117320000001,
        0.01347949832,
        0.01337528932,
        0.012826702320000001,
        0.01406470932,
        0.01289082832,
        0.01238874232,
        0.01233532532,
        0.01219169932,
        0.01273895232,
        0.01234082532,
        0.01245449232,
        0.01219090832,
        0.01194282332,
        0.01247399332,
        0.01232065832,
        0.01251707632,
        0.01213744932,
        0.01217524032,
        0.01247511832,
        0.012408158320000001,
        0.01219690832,
        0.01247949232,
        0.01240620032,
        0.012434992320000001,
        0.01276766132,
        0.01244336732,
        0.012573910320000001,
        0.01238374232,
        0.01275136932,
        0.01451162932,
        0.013380581320000001,
        0.01346529032,
        0.01401566832,
        0.01412958632,
        0.05892088232,
        0.01281128632,
        0.01269199432,
        0.01240815932,
        0.01230361632,
        0.01248353432,
        0.01236986732,
        0.01252545132,
        0.01223786632,
        0.012616827320000001,
        0.01275736932,
        0.01261132732,
        0.012840995320000001,
        0.01233836632,
        0.01236603432,
        0.01245832532,
        0.01211149132,
        0.01255949332,
        0.02299592732,
        0.01296153732,
        0.01239574232,
        0.01209590732,
        0.01265699432,
        0.01281557832,
        0.01278478532,
        0.012715161320000001,
        0.01305520532,
        0.012911329320000001,
        0.01309374632,
        0.012595451320000001,
        0.01270070232,
        0.01275766132,
        0.01263778532,
        0.01302399532,
        0.01339228932,
        0.01267066032,
        0.01229399232,
        0.01255649332,
        0.012520951320000001,
        0.012551285320000001,
        0.01223424132,
        0.01240461732,
        0.01247682632,
        0.01234953332,
        0.011990198320000001,
        0.01188461432,
        0.01202944832,
        0.012303700320000001,
        0.01248345132,
        0.01200936532,
        0.01206357332,
        0.01235007532,
        0.012522035320000001,
        0.01248999332,
        0.012622868320000001,
        0.01260699332,
        0.01265932632,
        0.012265117320000001,
        0.01220136632,
        0.01249911832,
        0.01236074232,
        0.01237124232,
        0.01246936732,
        0.01232682532,
        0.01250761832,
        0.01246686732,
        0.01214478232,
        0.012235241320000001,
        0.01230244932,
        0.01241490932,
        0.01222165832,
        0.01231320032,
        0.01237286732,
        0.01224615832,
        0.012241741320000001,
        0.012035323320000001
      ],