{
  "results": [
    {
      "command": "zsh -ic exit",
      "mean": 0.14848607720421053,
      "stddev": 0.003511008589319694,
      "median": 0.14707135652,
      "user": 0.10409428105263156,
      "system": 0.041659696842105264,
      "min": 0.14445529952,
      "max": 0.15804750252,
      "times": [
        0.15279484752,
        0.14724885752,
        0.15149479752,
        0.15010120752,
        0.14986295552,
        0.14824577952,
        0.14583830752,
        0.14599197552,
        0.14445529952,
        0.14566813952,
        0.14707135652,
        0.14758106852,
        0.14686052252,
        0.15443310652,
        0.14635247752,
        0.14573918152,
        0.14640689452,
        0.14704118952,
        0.15804750252
      ],
      "exit_codes": [
        0,
        0,
        0,
        0,
        0,
        0,
        0,
        0,
        0,
        0,
        0,
        0,
        0,
        0,
        0,
        0,
        0,
        0,
        0
      ]
    }
  ]
}
