{
  "results": [
    {
      "command": "zsh -ic exit",
      "mean": 0.051582132095172414,
      "stddev": 0.0017527038155685196,
      "median": 0.050976835940000007,
      "user": 0.034659313793103455,
      "system": 0.015916861379310344,
      "min": 0.04971705794,
      "max": 0.059137236940000004,
      "times": [
        0.050995398940000006,
        0.05097993994,
        0.05076910594,
        0.05085293994,
        0.050923106940000004,
        0.05097373194,
        0.050748563940000005,
        0.050871189940000006,
        0.05405374994,
        0.05272286694,
        0.05136023394,
        0.05140235994,
        0.05180027794,
        0.051185191940000006,
        0.050464062940000005,
        0.051370441940000004,
        0.052094737940000004,
        0.051621151940000005,
        0.05210519694,
        0.059137236940000004,
        0.05375345594,
        0.05280840894,
        0.05315411994,
        0.053058576940000005,
        0.05267149194,
        0.054048374940000005,
        0.05305486894,
        0.05340716194,
        0.053282078940000005,
        0.052961076940000004,
        0.05365933094,
        0.05241190694,
        0.053621746940000006,
        0.05594713594,
        0.052777700940000005,
        0.051438359940000004,
        0.050820147940000004,
        0.050180893940000006,
        0.050267561940000004,
        0.050600479940000005,
        0.050082893940000005,
        0.05014843594,
        0.05015593594,
        0.050029685940000006,
        0.05011589394,
        0.049991309940000006,
        0.049933767940000005,
        0.05028976894,
        0.050002809940000004,
        0.050131352940000005,
        0.050011892940000004,
        0.050124893940000005,
        0.050239560940000004,
        0.04971705794,
        0.050077976940000005,
        0.04996343494,
        0.050543978940000005,
        0.049846641940000005
      ],
      "exit_codes": [
        0,
        0,
        0,
        0,
        0,
        0,
        0,
        0,
        0,
        0,
        0,
        0,
        0,
        0,
        0,
        0,
        0,
        0,
        0,
        0,
        0,
        0,
        0,
        0,
        0,
        0,
        0,
        0,
        0,
        0,
        0,
        0,
        0,
        0,
        0,
        0,
        0,
        0,
        0,
        0,
        0,
        0,
        0,
        0,
        0,
        0,
        0,
        0,
        0,
        0,
        0,
        0,
        0,
        0,
        0,
        0,
        0,
        0
      ]
    }
  ]
}
