{
  "results": [
    {
      "command": "zsh -ic exit",
      "mean": 0.027581211463018864,
      "stddev": 0.0014328689138526113,
      "median": 0.02720753918,
      "user": 0.020509826415094343,
      "system": 0.006578319622641509,
      "min": 0.02641797168,
      "max": 0.03978679868,
      "times": [
        0.02780781368,
        0.02699660068,
        0.02705268368,
        0.02677284868,
        0.02646330568,
        0.02641797168,
        0.02662593168,
        0.02658988968,
        0.02815298268,
        0.02888923568,
        0.02827681568,
        0.02904536168,
        0.02876173568,
        0.028487608680000002,
        0.02846044168,
        0.028292441680000002,
        0.03121424968,
        0.02896911168,
        0.02796760568,
        0.02951198968,
        0.02892611168,
        0.02881927768,
        0.028008647680000002,
        0.02802981468,
        0.02830448268,
        0.02761427068,
        0.02827994168,
        0.02773043768,
        0.02731018568,
        0.027257268680000002,
        0.02725618468,
        0.02782118868,
        0.02765718768,
        0.02800818968,
        0.02764252068,
        0.02773939568,
        0.02712380968,
        0.02779139668,
        0.03978679868,
        0.02862706768,
        0.02813619068,
        0.02768356268,
        0.027450852680000002,
        0.02712947568,
        0.02793114768,
        0.02756814468,
        0.02739022768,
        0.028436649680000002,
        0.02805827268,
        0.02772268768,
        0.02714097668,
        0.02696918368,
        0.02687793268,
        0.026952183680000002,
        0.02715476868,
        0.02672689068,
        0.027151726680000002,
        0.02705989268,
        0.02689947468,
        0.02663259868,
        0.02692135068,
        0.02671214068,
        0.02678043268,
        0.02658309868,
        0.02691401668,
        0.02699314168,
        0.02678093268,
        0.02665380668,
        0.02665388968,
        0.02667539068,
        0.02663626468,
        0.02722064368,
        0.02752285368,
        0.02673668168,
        0.02712830968,
        0.02715522568,
        0.026989391680000002,
        0.02715480968,
        0.02703772568,
        0.02671059868,
        0.02687534968,
        0.02666764068,
        0.02652593068,
        0.02701501668,
        0.02688539168,
        0.027346852680000002,
        0.02690318368,
        0.02657663968,
        0.028309691680000002,
        0.02878169368,
        0.02807014868,
        0.02778002168,
        0.02742831168,
        0.027776812680000002,
        0.02755443668,
        0.027411310680000002,
        0.02719443468,
        0.02683739068,
        0.02673205768,
        0.02733556068,
        0.02706622668,
        0.02688547468,
        0.02699926768,
        0.02701160068,
        0.02701005868,
        0.02710355968
      ],
      "exit_codes": [
        0,
        0,
        0,
        0,
        0,
        0,
        0,
        0,
        0,
        0,
        0,
        0,
        0,
        0,
        0,
        0,
        0,
        0,
        0,
        0,
        0,
        0,
        0,
        0,
        0,
        0,
        0,
        0,
        0,
        0,
        0,
        0,
        0,
        0,
        0,
        0,
        0,
        0,
        0,
        0,
        0,
        0,
        0,
        0,
        0,
        0,
        0,
        0,
        0,
        0,
        0,
        0,
        0,
        0,
        0,
        0,
        0,
        0,
        0,
        0,
        0,
        0,
        0,
        0,
        0,
        0,
        0,
        0,
        0,
        0,
        0,
        0,
        0,
        0,
        0,
        0,
        0,
        0,
        0,
        0,
        0,
        0,
        0,
        0,
        0,
        0,
        0,
        0,
        0,
        0,
        0,
        0,
        0,
        0,
        0,
        0,
        0,
        0,
        0,
        0,
        0,
        0,
        0,
        0,
        0,
        0
      ]
    }
  ]
}
