{
  "results": [
    {
      "command": "zsh -ic exit",
      "mean": 0.03035800834775511,
      "stddev": 0.00142499790440839,
      "median": 0.030114751460000005,
      "user": 0.0200497706122449,
      "system": 0.009758588571428571,
      "min": 0.029099600460000003,
      "max": 0.04142737846,
      "times": [
        0.030205855460000004,
        0.030037146460000004,
        0.030151814460000002,
        0.031239237460000003,
        0.03402571046,
        0.03304308046,
        0.031144278460000004,
        0.030658609460000003,
        0.030912610460000003,
        0.03065219246,
        0.030913735460000005,
        0.030575566460000002,
        0.030184980460000004,
        0.030201522460000005,
        0.029885562460000004,
        0.030157730460000004,
        0.03027256446,
        0.031053694460000003,
        0.030280939460000003,
        0.030143856460000003,
        0.03021135646,
        0.030072271460000004,
        0.029810771460000003,
        0.030691276460000003,
        0.030856984460000004,
        0.030196273460000003,
        0.030083563460000004,
        0.030253065460000002,
        0.030149439460000003,
        0.03069110846,
        0.030194563460000004,
        0.030524275460000003,
        0.030055188460000003,
        0.029937812460000005,
        0.029745269460000005,
        0.029671186460000002,
        0.030430149460000003,
        0.029865854460000004,
        0.030095772460000003,
        0.029937270460000002,
        0.029890770460000004,
        0.030833610460000004,
        0.030161022460000003,
        0.030271689460000004,
        0.029952812460000002,
        0.029795437460000004,
        0.03146223846,
        0.03202257446,
        0.03039523146,
        0.030376149460000005,
        0.030151355460000005,
        0.030462357460000002,
        0.031215653460000003,
        0.04142737846,
        0.03191099046,
        0.03265303646,
        0.030910776460000004,
        0.030618067460000002,
        0.030105772460000003,
        0.030200064460000002,
        0.029801228460000002,
        0.029332976460000004,
        0.030051146460000004,
        0.030019396460000004,
        0.03259249446,
        0.03152561346,
        0.03148977946,
        0.030123730460000005,
        0.031006069460000004,
        0.030066313460000004,
        0.029885812460000005,
        0.029558769460000002,
        0.029413060460000005,
        0.029911562460000003,
        0.029411768460000005,
        0.029985855460000002,
        0.029856395460000004,
        0.029314101460000002,
        0.029372768460000004,
        0.029111891460000004,
        0.029191891460000004,
        0.029436851460000003,
        0.029306101460000004,
        0.029368934460000003,
        0.029864395460000002,
        0.029406184460000002,
        0.029103600460000004,
        0.029407892460000005,
        0.029708353460000003,
        0.029156725460000005,
        0.029753687460000004,
        0.029434143460000003,
        0.029134641460000003,
        0.02945364346,
        0.029099600460000003,
        0.02956668646,
        0.029390893460000005,
        0.029438726460000002
      ],
      "exit_codes": [
        0,
        0,
        0,
        0,
        0,
        0,
        0,
        0,
        0,
        0,
        0,
        0,
        0,
        0,
        0,
        0,
        0,
        0,
        0,
        0,
        0,
        0,
        0,
        0,
        0,
        0,
        0,
        0,
        0,
        0,
        0,
        0,
        0,
        0,
        0,
        0,
        0,
        0,
        0,
        0,
        0,
        0,
        0,
        0,
        0,
        0,
        0,
        0,
        0,
        0,
        0,
        0,
        0,
        0,
        0,
        0,
        0,
        0,
        0,
        0,
        0,
        0,
        0,
        0,
        0,
        0,
        0,
        0,
        0,
        0,
        0,
        0,
        0,
        0,
        0,
        0,
        0,
        0,
        0,
        0,
        0,
        0,
        0,
        0,
        0,
        0,
        0,
        0,
        0,
        0,
        0,
        0,
        0,
        0,
        0,
        0,
        0,
        0
      ]
    }
  ]
}
