{
  "results": [
    {
      "command": "zsh -ic exit",
      "mean": 0.1365453973127273,
      "stddev": 0.004131362939360235,
      "median": 0.13549295454,
      "user": 0.08230827818181817,
      "system": 0.07303908727272729,
      "min": 0.13211489104000002,
      "max": 0.15269964104,
      "times": [
        0.13504047504,
        0.13559935004,
        0.13810847504,
        0.13682564104,
        0.13290972504,
        0.13327768404,
        0.13479455904,
        0.13386322504,
        0.13640814104,
        0.13848647504,
        0.13211489104000002,
        0.13717755804,
        0.13538655904,
        0.13584464204,
        0.13836605804,
        0.13439043304,
        0.13484514204,
        0.13439743304000001,
        0.13520626704,
        0.15269964104,
        0.13996093304,
        0.13829543304
      ],
      "exit_codes": [
        0,
        0,
        0,
        0,
        0,
        0,
        0,
        0,
        0,
        0,
        0,
        0,
        0,
        0,
        0,
        0,
        0,
        0,
        0,
        0,
        0,
        0
      ]
    }
  ]
}
