{
  "results": [
    {
      "command": "zsh -ic exit",
      "mean": 0.04747734215076923,
      "stddev": 0.0017115138741930255,
      "median": 0.04735469412,
      "user": 0.031689501538461534,
      "system": 0.015619104615384613,
      "min": 0.04520193212,
      "max": 0.05508227912,
      "times": [
        0.04538168312,
        0.04553193312,
        0.04557910112,
        0.04553868312,
        0.04558368412,
        0.04558455912,
        0.04547301712,
        0.04633127112,
        0.04555547612,
        0.04605381112,
        0.04630152112,
        0.04815465712,
        0.04831532512,
        0.04786078012,
        0.04809003112,
        0.04844320012,
        0.04815265612,
        0.046451814120000004,
        0.04590551912,
        0.04520193212,
        0.04544585012,
        0.04778661312,
        0.04821561612,
        0.04604010312,
        0.04620122912,
        0.04650018912,
        0.04635185512,
        0.052662182120000005,
        0.05041742012,
        0.05019104412,
        0.04872716012,
        0.04856953412,
        0.04956604012,
        0.049906917120000005,
        0.05508227912,
        0.04932203812,
        0.04837936612,
        0.04770344612,
        0.04757819512,
        0.04765257112,
        0.04714519212,
        0.04718690112,
        0.04726665212,
        0.04732436012,
        0.048532576120000004,
        0.04815540712,
        0.04887186912,
        0.04740186112,
        0.04776144612,
        0.04704660812,
        0.04807994812,
        0.047722196120000004,
        0.04746527812,
        0.04713340112,
        0.04736640212,
        0.04735469412,
        0.04807844812,
        0.04731994412,
        0.04823128212,
        0.04670298112,
        0.046553731120000004,
        0.04630252212,
        0.04645668912,
        0.046366480120000005,
        0.046410064120000004
      ],
      "exit_codes": [
        0,
        0,
        0,
        0,
        0,
        0,
        0,
        0,
        0,
        0,
        0,
        0,
        0,
        0,
        0,
        0,
        0,
        0,
        0,
        0,
        0,
        0,
        0,
        0,
        0,
        0,
        0,
        0,
        0,
        0,
        0,
        0,
        0,
        0,
        0,
        0,
        0,
        0,
        0,
        0,
        0,
        0,
        0,
        0,
        0,
        0,
        0,
        0,
        0,
        0,
        0,
        0,
        0,
        0,
        0,
        0,
        0,
        0,
        0,
        0,
        0,
        0,
        0,
        0,
        0
      ]
    }
  ]
}
