{
  "results": [
    {
      "command": "zsh -ic exit",
      "mean": 0.03153249881531916,
      "stddev": 0.0014475297644171853,
      "median": 0.031240836560000002,
      "user": 0.02035626170212765,
      "system": 0.01038634,
      "min": 0.030335393060000004,
      "max": 0.040366326060000006,
      "times": [
        0.031426400060000005,
        0.03191815306,
        0.03124064906,
        0.03152302606,
        0.031557401060000004,
        0.03125848206,
        0.031592109060000005,
        0.03125723206,
        0.031100148060000006,
        0.031089523060000006,
        0.030948022060000004,
        0.031333816060000005,
        0.03164102606,
        0.03158448406,
        0.030961605060000005,
        0.03135310706,
        0.03129714906,
        0.031133648060000005,
        0.03181036006,
        0.030992105060000004,
        0.031148398060000006,
        0.030919355060000004,
        0.03108114706,
        0.031068106060000003,
        0.031241024060000004,
        0.031486817060000005,
        0.031494400060000004,
        0.03147219206,
        0.040366326060000006,
        0.032439614060000004,
        0.03167140106000001,
        0.03127402406,
        0.031453150060000004,
        0.03138915006,
        0.031116523060000005,
        0.03111023106,
        0.030487769060000003,
        0.031100273060000003,
        0.030490895060000002,
        0.030404353060000004,
        0.030393311060000004,
        0.030464269060000004,
        0.030480311060000004,
        0.030421561060000005,
        0.03089610506,
        0.030563187060000004,
        0.030335685060000003,
        0.03272903206,
        0.03202757006,
        0.031270858060000004,
        0.030784729060000002,
        0.03092606306,
        0.03067102006,
        0.030865230060000002,
        0.030827563060000004,
        0.030878355060000005,
        0.030335393060000004,
        0.030805229060000005,
        0.030819188060000002,
        0.030488894060000004,
        0.030842229060000004,
        0.030751354060000003,
        0.031084731060000002,
        0.03080468806,
        0.031158523060000005,
        0.030796813060000004,
        0.030648937060000003,
        0.030569603060000002,
        0.030888647060000003,
        0.030663687060000003,
        0.031121732060000004,
        0.03228519706000001,
        0.03266536506000001,
        0.03182411006,
        0.031209940060000003,
        0.03207273706,
        0.031616943060000006,
        0.031973069060000005,
        0.03661367906,
        0.03290282506,
        0.032194529060000004,
        0.03149369206,
        0.031478525060000005,
        0.031454692060000004,
        0.03168840106,
        0.031543567060000006,
        0.03176648506,
        0.030889397060000004,
        0.031394983060000006,
        0.031973861060000004,
        0.03346557806,
        0.034801127060000006,
        0.037932895060000006,
        0.03226519606
      ],
      "exit_codes": [
        0,
        0,
        0,
        0,
        0,
        0,
        0,
        0,
        0,
        0,
        0,
        0,
        0,
        0,
        0,
        0,
        0,
        0,
        0,
        0,
        0,
        0,
        0,
        0,
        0,
        0,
        0,
        0,
        0,
        0,
        0,
        0,
        0,
        0,
        0,
        0,
        0,
        0,
        0,
        0,
        0,
        0,
        0,
        0,
        0,
        0,
        0,
        0,
        0,
        0,
        0,
        0,
        0,
        0,
        0,
        0,
        0,
        0,
        0,
        0,
        0,
        0,
        0,
        0,
        0,
        0,
        0,
        0,
        0,
        0,
        0,
        0,
        0,
        0,
        0,
        0,
        0,
        0,
        0,
        0,
        0,
        0,
        0,
        0,
        0,
        0,
        0,
        0,
        0,
        0,
        0,
        0,
        0,
        0
      ]
    }
  ]
}
