{
  "results": [
    {
      "command": "zsh -ic exit",
      "mean": 0.05347638610140353,
      "stddev": 0.0016907066157939286,
      "median": 0.05323318654,
      "user": 0.033881110526315796,
      "system": 0.01866060280701754,
      "min": 0.05056571254,
      "max": 0.06094898054,
      "times": [
        0.05217855454,
        0.05180134454,
        0.060624310540000004,
        0.05253897354,
        0.05320289354,
        0.05188426154,
        0.05457702654,
        0.05323318654,
        0.05288714254,
        0.051967512540000003,
        0.05310689354,
        0.05281730854,
        0.05355072954,
        0.05231068054,
        0.05305276854,
        0.05309364254,
        0.05491957054,
        0.05453927654,
        0.05318889354,
        0.05503390454,
        0.05358302154,
        0.05309551854,
        0.05399060754,
        0.053398436540000004,
        0.05365027154,
        0.05260626554,
        0.05390068954,
        0.05268993354,
        0.05343885454,
        0.05289701754,
        0.05347868654,
        0.05294039254,
        0.05326664454,
        0.05299526754,
        0.05365381354,
        0.05276339154,
        0.05522744754,
        0.05285634954,
        0.05374735554,
        0.05318418554,
        0.06094898054,
        0.05417498254,
        0.05391923154,
        0.05056571254,
        0.05386823154,
        0.05357002154,
        0.05391598154,
        0.05194617854,
        0.05141575854,
        0.05350002054,
        0.05097050654,
        0.05243747254,
        0.05446852554,
        0.05356935454,
        0.05387139754,
        0.05446390154,
        0.05267472454
      ],
      "exit_codes": [
        0,
        0,
        0,
        0,
        0,
        0,
        0,
        0,
        0,
        0,
        0,
        0,
        0,
        0,
        0,
        0,
        0,
        0,
        0,
        0,
        0,
        0,
        0,
        0,
        0,
        0,
        0,
        0,
        0,
        0,
        0,
        0,
        0,
        0,
        0,
        0,
        0,
        0,
        0,
        0,
        0,
        0,
        0,
        0,
        0,
        0,
        0,
        0,
        0,
        0,
        0,
        0,
        0,
        0,
        0,
        0,
        0
      ]
    }
  ]
}
