{
  "results": [
    {
      "command": "zsh -ic exit",
      "mean": 0.05404404861543861,
      "stddev": 0.002485318818102333,
      "median": 0.05323162544,
      "user": 0.03480754315789472,
      "system": 0.017899177192982462,
      "min": 0.05159482444,
      "max": 0.06526048544,
      "times": [
        0.05159482444,
        0.051745825440000004,
        0.051800533440000004,
        0.05187895044,
        0.05176236644,
        0.05240641244,
        0.05696602144,
        0.05491971744,
        0.05533930344,
        0.055867640440000005,
        0.059465410440000005,
        0.05764252544,
        0.059111742440000004,
        0.055193677440000005,
        0.054665425440000005,
        0.05447371544,
        0.05341170944,
        0.061300337440000005,
        0.05306845744,
        0.05329141744,
        0.05311324944,
        0.054856593440000004,
        0.05323162544,
        0.053976712440000005,
        0.053149749440000005,
        0.05285216444,
        0.053859544440000004,
        0.055255178440000004,
        0.05418117244,
        0.05520988644,
        0.05410958844,
        0.05240899544,
        0.05237816144,
        0.052821164440000005,
        0.05276295644,
        0.052676746440000005,
        0.05306516544,
        0.05281258044,
        0.052188494440000004,
        0.05220007744,
        0.05223582844,
        0.05240962044,
        0.05281695644,
        0.05245549544,
        0.05243278744,
        0.05241982944,
        0.05471921744,
        0.05533488744,
        0.05304204044,
        0.05217070244,
        0.052695205440000004,
        0.053710127440000005,
        0.05355371044,
        0.05341125044,
        0.053840045440000005,
        0.06526048544,
        0.054986760440000004
      ],
      "exit_codes": [
        0,
        0,
        0,
        0,
        0,
        0,
        0,
        0,
        0,
        0,
        0,
        0,
        0,
        0,
        0,
        0,
        0,
        0,
        0,
        0,
        0,
        0,
        0,
        0,
        0,
        0,
        0,
        0,
        0,
        0,
        0,
        0,
        0,
        0,
        0,
        0,
        0,
        0,
        0,
        0,
        0,
        0,
        0,
        0,
        0,
        0,
        0,
        0,
        0,
        0,
        0,
        0,
        0,
        0,
        0,
        0,
        0
      ]
    }
  ]
}
