{
  "results": [
    {
      "command": "zsh -ic exit",
      "mean": 0.08409345936857143,
      "stddev": 0.004295481457396265,
      "median": 0.08310018394,
      "user": 0.04445515142857142,
      "system": 0.044256228571428566,
      "min": 0.08088180994000001,
      "max": 0.10695960094000001,
      "times": [
        0.08290772594000001,
        0.08239664294,
        0.08088180994000001,
        0.08173172594,
        0.08340264294000001,
        0.08384105894,
        0.08873135094000001,
        0.08106485094,
        0.08359797594,
        0.08308372594,
        0.08262897594,
        0.08252989194,
        0.08166685094000001,
        0.08500568494,
        0.08361580994000001,
        0.08410322594,
        0.08315643494000001,
        0.08307276794,
        0.08334805894,
        0.08325030994,
        0.08266314194,
        0.08232801794,
        0.08304014294,
        0.08310018394,
        0.08753576794000001,
        0.08309614294,
        0.08465851794000001,
        0.08255343394,
        0.08163851694,
        0.08405714294000001,
        0.08343205994,
        0.08654022594,
        0.10695960094000001,
        0.08474689194,
        0.08290376794
      ],
      "exit_codes": [
        0,
        0,
        0,
        0,
        0,
        0,
        0,
        0,
        0,
        0,
        0,
        0,
        0,
        0,
        0,
        0,
        0,
        0,
        0,
        0,
        0,
        0,
        0,
        0,
        0,
        0,
        0,
        0,
        0,
        0,
        0,
        0,
        0,
        0,
        0
      ]
    }
  ]
}
