{
  "results": [
    {
      "command": "zsh -ic exit",
      "mean": 0.17125711448235292,
      "stddev": 0.003881341345253416,
      "median": 0.1696030436,
      "user": 0.12218026117647059,
      "system": 0.06174180117647059,
      "min": 0.1677061996,
      "max": 0.1830967876,
      "times": [
        0.1694914596,
        0.1696030436,
        0.1730263966,
        0.1703092146,
        0.1740335686,
        0.1689737486,
        0.1685384126,
        0.1697205026,
        0.1700214626,
        0.1694148346,
        0.1729594796,
        0.1830967876,
        0.1677061996,
        0.1694227936,
        0.1770725026,
        0.1685357046,
        0.1694448346
      ],
      "exit_codes": [
        0,
        0,
        0,
        0,
        0,
        0,
        0,
        0,
        0,
        0,
        0,
        0,
        0,
        0,
        0,
        0,
        0
      ]
    }
  ]
}
