{
  "results": [
    {
      "command": "zsh -ic exit",
      "mean": 0.05091341083310345,
      "stddev": 0.0018314098714931712,
      "median": 0.05029475504,
      "user": 0.03400888,
      "system": 0.01590725034482759,
      "min": 0.04964523054,
      "max": 0.05954695354,
      "times": [
        0.051142447540000004,
        0.05088065354,
        0.05118119754,
        0.050857153540000005,
        0.05132949054,
        0.05067319454,
        0.050814611540000006,
        0.05143036554,
        0.05067731954,
        0.05181236854,
        0.050274442540000006,
        0.050240025540000004,
        0.05014439954,
        0.05033394254,
        0.050062399540000004,
        0.05063686154,
        0.05023102554,
        0.050109857540000004,
        0.05004481654,
        0.05014652554,
        0.05029410854,
        0.05040044354,
        0.050734028540000004,
        0.050060566540000004,
        0.04966789654,
        0.05129161454,
        0.05146824054,
        0.05161919954,
        0.053111916540000005,
        0.05504421954,
        0.05954695354,
        0.050610818540000005,
        0.059081950540000004,
        0.052046661540000004,
        0.05142361554,
        0.051202031540000005,
        0.05006123254,
        0.050833862540000004,
        0.05022656754,
        0.05029540154,
        0.05008006654,
        0.050006857540000005,
        0.05031944354,
        0.050023483540000004,
        0.05003114954,
        0.05026323354,
        0.05000810754,
        0.05017377454,
        0.04985339854,
        0.05010531654,
        0.04964523054,
        0.05010477454,
        0.04989777354,
        0.050052232540000005,
        0.05017090054,
        0.049654730540000004,
        0.05063552754,
        0.04990739854
      ],
      "exit_codes": [
        0,
        0,
        0,
        0,
        0,
        0,
        0,
        0,
        0,
        0,
        0,
        0,
        0,
        0,
        0,
        0,
        0,
        0,
        0,
        0,
        0,
        0,
        0,
        0,
        0,
        0,
        0,
        0,
        0,
        0,
        0,
        0,
        0,
        0,
        0,
        0,
        0,
        0,
        0,
        0,
        0,
        0,
        0,
        0,
        0,
        0,
        0,
        0,
        0,
        0,
        0,
        0,
        0,
        0,
        0,
        0,
        0,
        0
      ]
    }
  ]
}
