{
  "results": [
    {
      "command": "zsh -ic exit",
      "mean": 0.07008912617363636,
      "stddev": 0.0032690863030114506,
      "median": 0.06859660306000001,
      "user": 0.052126162727272725,
      "system": 0.028556143636363638,
      "min": 0.06680065456,
      "max": 0.08058606656,
      "times": [
        0.06711394756000001,
        0.06769382656,
        0.06866195756,
        0.06750678456,
        0.06818741256000001,
        0.06778853456,
        0.06680065456,
        0.06771070156,
        0.06830466356,
        0.06797570256,
        0.06763149256,
        0.06833328856000001,
        0.07580833156000001,
        0.06749640856000001,
        0.06734428256000001,
        0.06824845456,
        0.06766465956,
        0.06872579056,
        0.06973863056,
        0.06925875156000001,
        0.08058606656,
        0.07017521556,
        0.07033604956,
        0.07237481156,
        0.06876195756,
        0.06821512156000001,
        0.06956329556,
        0.06820941256,
        0.06845291456000001,
        0.06790461956,
        0.07290756456000001,
        0.07476757556000001,
        0.07193022556,
        0.07510803556000001,
        0.07577345556000001,
        0.07298202356000001,
        0.07128784756,
        0.07029663356,
        0.06853124856000001,
        0.06838078956,
        0.07970647756,
        0.07114142956000001,
        0.06819312056,
        0.07034138356000001
      ],
      "exit_codes": [
        0,
        0,
        0,
        0,
        0,
        0,
        0,
        0,
        0,
        0,
        0,
        0,
        0,
        0,
        0,
        0,
        0,
        0,
        0,
        0,
        0,
        0,
        0,
        0,
        0,
        0,
        0,
        0,
        0,
        0,
        0,
        0,
        0,
        0,
        0,
        0,
        0,
        0,
        0,
        0,
        0,
        0,
        0,
        0
      ]
    }
  ]
}
