{
  "results": [
    {
      "command": "zsh -ic exit",
      "mean": 0.11244203619629632,
      "stddev": 0.0039858733476707256,
      "median": 0.11168669390000001,
      "user": 0.06348758074074075,
      "system": 0.043284858518518515,
      "min": 0.1075750879,
      "max": 0.1219176269,
      "times": [
        0.1075750879,
        0.10837417490000001,
        0.1116336519,
        0.1084357999,
        0.1082242989,
        0.1083148829,
        0.1081517149,
        0.1082095069,
        0.1086000099,
        0.1133625789,
        0.1177242279,
        0.1199526999,
        0.11669959790000001,
        0.1219176269,
        0.11168669390000001,
        0.1132696619,
        0.1117353189,
        0.1148572119,
        0.1127764499,
        0.11062006290000001,
        0.1110691489,
        0.11102823190000001,
        0.1106736469,
        0.11951311390000001,
        0.11246907290000001,
        0.1140838329,
        0.11497667090000001
      ],
      "exit_codes": [
        0,
        0,
        0,
        0,
        0,
        0,
        0,
        0,
        0,
        0,
        0,
        0,
        0,
        0,
        0,
        0,
        0,
        0,
        0,
        0,
        0,
        0,
        0,
        0,
        0,
        0,
        0
      ]
    }
  ]
}
