{
  "results": [
    {
      "command": "zsh -ic exit",
      "mean": 0.012623084008750002,
      "stddev": 0.0054048638209737345,
      "median": 0.011931377040000002,
      "user": 0.008905500892857144,
      "system": 0.003294505892857145,
      "min": 0.011587209040000001,
      "max": 0.08441829004,
      "times": [
        0.013160884040000001,
        0.01236608804,
        0.012522255040000001,
        0.014369099040000001,
        0.01305809104,
        0.012295087040000001,
        0.012008544040000001,
        0.012031128040000002,
        0.011868377040000001,
        0.011721834040000002,
        0.011934377040000001,
        0.012099795040000002,
        0.01220992004,
        0.012591006040000002,
        0.012125753040000001,
        0.011738251040000001,
        0.01203312804,
        0.01203066904,
        0.011888127040000002,
        0.01258313104,
        0.012535881040000002,
        0.012494922040000002,
        0.011807459040000001,
        0.011698501040000002,
        0.011649543040000002,
        0.01209250304,
        0.011724751040000002,
        0.01168770904,
        0.012010086040000001,
        0.012274713040000001,
        0.011822585040000002,
        0.011767168040000001,
        0.011869210040000001,
        0.011652042040000001,
        0.011660626040000002,
        0.01183396004,
        0.01184258504,
        0.01186854304,
        0.011979086040000001,
        0.011817168040000001,
        0.011672334040000001,
        0.011707209040000001,
        0.01187500204,
        0.012127587040000002,
        0.01202637804,
        0.012074045040000002,
        0.01193666804,
        0.011783126040000001,
        0.01167533404,
        0.01195800204,
        0.012278921040000002,
        0.011709459040000002,
        0.01168175104,
        0.01170871004,
        0.01165445904,
        0.011984294040000001,
        0.011645543040000001,
        0.011960128040000002,
        0.01162750004,
        0.011729251040000001,
        0.011918085040000002,
        0.011813002040000001,
        0.011729501040000001,
        0.011722584040000001,
        0.01167545904,
        0.011771626040000002,
        0.01207533604,
        0.01177666804,
        0.011717126040000001,
        0.011998627040000001,
        0.011695459040000002,
        0.011679917040000001,
        0.013512511040000001,
        0.013065008040000001,
        0.012870632040000001,
        0.012813257040000001,
        0.01232583704,
        0.011916877040000001,
        0.01176558404,
        0.011663959040000001,
        0.011737459040000002,
        0.01225096204,
        0.01176195904,
        0.01206133604,
        0.012000835040000001,
        0.011936710040000001,
        0.041820214040000005,
        0.08441829004,
        0.03139894604000001,
        0.01303663304,
        0.013199134040000001,
        0.01231837904,
        0.012159045040000002,
        0.012206546040000002,
        0.012464338040000002,
        0.01224212904,
        0.012047503040000001,
        0.01243142204,
        0.011903835040000001,
        0.01190133504,
        0.01224525404,
        0.012160753040000001,
        0.01186275204,
        0.012145129040000001,
        0.01278638204,
        0.012322796040000002,
        0.011746668040000002,
        0.011790501040000002,
        0.01340134404,
        0.01338034404,
        0.013860888040000002,
        0.013403344040000001,
        0.014244807040000002,
        0.013663221040000001,
        0.01301730004,
        0.012629173040000002,
        0.011946919040000002,
        0.012374338040000002,
        0.01209650404,
        0.011794918040000001,
        0.01201750304,
        0.011777918040000002,
        0.012145045040000002,
        0.011794668040000001,
        0.01192150204,
        0.01855237304,
        0.01322921804,
        0.012816507040000001,
        0.012182004040000001,
        0.01195979404,
        0.01182308504,
        0.012140128040000002,
        0.011683667040000002,
        0.011928377040000002,
        0.01164441704,
        0.011706042040000001,
        0.011725167040000001,
        0.01195929404,
        0.011758418040000001,
        0.011976502040000002,
        0.011743876040000002,
        0.01188900204,
        0.01205946104,
        0.012176170040000002,
        0.011943793040000001,
        0.01212375304,
        0.011818377040000001,
        0.011667043040000002,
        0.012090670040000001,
        0.011859376040000001,
        0.011741793040000002,
        0.011787584040000002,
        0.012025628040000002,
        0.01181179304,
        0.01227746304,
        0.01171825104,
        0.01204233604,
        0.01172375104,
        0.01176616804,
        0.011833293040000002,
        0.011865376040000002,
        0.012037586040000001,
        0.011699750040000002,
        0.011754709040000002,
        0.01164583404,
        0.011688542040000001,
        0.011816293040000002,
        0.012067544040000001,
        0.012058128040000001,
        0.011993003040000002,
        0.011625959040000002,
        0.011776751040000002,
        0.012011378040000001,
        0.012165295040000001,
        0.012135337040000001,
        0.012226004040000002,
        0.011745084040000001,
        0.011875627040000001,
        0.01202183604,
        0.011721710040000001,
        0.011587209040000001,
        0.011997711040000001,
        0.012222254040000002,
        0.011661542040000002,
        0.01174704204,
        0.01191416804,
        0.01171150104,
        0.011986669040000002,
        0.011774793040000002,
        0.01184141904,
        0.01219521104,
        0.011873752040000001,
        0.012013961040000002,
        0.01198729404,
        0.011992670040000002,
        0.01166529204,
        0.012045669040000002,
        0.011619583040000001,
        0.01174925104,
        0.01186962704,
        0.012136253040000001,
        0.01169712504,
        0.01190296004,
        0.01224375404,
        0.011860835040000002,
        0.01203429404,
        0.012498089040000002,
        0.012555505040000001,
        0.011920835040000001,
        0.011765293040000001,
        0.011777085040000001,
        0.01164629204,
        0.01203325304,
        0.011759001040000001,
        0.011829668040000001,
        0.01163870904,
        0.01170712504,
        0.011710251040000001,
        0.01163662604,
        0.01170250104,
        0.012323213040000001,
        0.01167533404,
        0.01175558504,
        0.01231396304
      ],