{
  "results": [
    {
      "command": "zsh -ic exit",
      "mean": 0.0512053820586207,
      "stddev": 0.0021927260942087943,
      "median": 0.050471571800000004,
      "user": 0.03317345655172413,
      "system": 0.01715374068965517,
      "min": 0.0498381933,
      "max": 0.061560385300000006,
      "times": [
        0.051161076300000004,
        0.050618323300000004,
        0.0508084493,
        0.060560795300000005,
        0.0509174913,
        0.0507590323,
        0.0512827433,
        0.0513359933,
        0.051211117300000004,
        0.0508176153,
        0.0518157053,
        0.0522019983,
        0.050628656300000005,
        0.050317988300000005,
        0.050522655300000004,
        0.0501112773,
        0.0503065293,
        0.0506192803,
        0.0507749903,
        0.0500749023,
        0.0501542783,
        0.050235778300000006,
        0.0502346953,
        0.052078247300000005,
        0.0525809173,
        0.0503277793,
        0.0502717373,
        0.0502004873,
        0.0504466973,
        0.0502159453,
        0.050280904300000005,
        0.053519547300000005,
        0.0510134083,
        0.0506718233,
        0.051018408300000005,
        0.0504434053,
        0.0504419053,
        0.050124819300000005,
        0.0498381933,
        0.0501076533,
        0.0504179053,
        0.0499114443,
        0.061560385300000006,
        0.0519756643,
        0.0504484043,
        0.050011527300000004,
        0.0503806123,
        0.057268235300000005,
        0.0524562083,
        0.050472613300000004,
        0.050470530300000004,
        0.0506839893,
        0.050294445300000004,
        0.0502484453,
        0.0503614463,
        0.050265612300000005,
        0.0514804533,
        0.050150986300000006
      ],
      "exit_codes": [
        0,
        0,
        0,
        0,
        0,
        0,
        0,
        0,
        0,
        0,
        0,
        0,
        0,
        0,
        0,
        0,
        0,
        0,
        0,
        0,
        0,
        0,
        0,
        0,
        0,
        0,
        0,
        0,
        0,
        0,
        0,
        0,
        0,
        0,
        0,
        0,
        0,
        0,
        0,
        0,
        0,
        0,
        0,
        0,
        0,
        0,
        0,
        0,
        0,
        0,
        0,
        0,
        0,
        0,
        0,
        0,
        0,
        0
      ]
    }
  ]
}
